date,swe,snow_depth,precip,airtemp,airtemp_max,airtemp_avg,soilm_p2,soilm_p4,soilm_p8,soilm_p20,soilm_p40,site_code,state,year,doy,month,density_calc,d_soilm_p2,peak_swe,sm_pulse_flag
1/1/2023,21.59,104.14,0.508,-4.5,0,-4.611111111,3.7,5.5,4.6,6.5,NA,335,CO,2023,1,1,207.3170732,0,120,0
1/2/2023,21.844,101.6,0,-7.277777778,-2.777777778,-9.722222222,3.7,5,5.4,5.1,NA,335,CO,2023,2,1,215,0,120,0
1/3/2023,21.844,101.6,0,-12.11111111,-7.222222222,-12.88888889,3.9,4.8,4.6,6.2,NA,335,CO,2023,3,1,215,0.2,120,0
1/4/2023,22.352,109.22,0.508,-15.5,-10.88888889,-15.5,4,5.3,5.5,5.6,NA,335,CO,2023,4,1,204.6511628,0.1,120,0
1/5/2023,22.352,104.14,0.508,-18.38888889,0.111111111,-11.11111111,3.9,5.5,5.4,5.5,NA,335,CO,2023,5,1,214.6341463,-0.1,120,0
1/6/2023,22.606,96.52,0.254,-8,-4.722222222,-9.388888889,4.1,5.1,5.4,5.8,NA,335,CO,2023,6,1,234.2105263,0.2,120,0
1/7/2023,23.368,106.68,0.508,-10.72222222,-6.388888889,-11.27777778,4,5.5,5.5,5.2,NA,335,CO,2023,7,1,219.047619,-0.1,120,0
1/8/2023,23.622,106.68,0.254,-15.61111111,1.5,-9.222222222,4,5.3,5.3,5.6,NA,335,CO,2023,8,1,221.4285714,0,120,0
1/9/2023,23.876,106.68,0.254,-13.88888889,0,-7.611111111,4.1,4.6,5.8,5.2,NA,335,CO,2023,9,1,223.8095238,0.1,120,0
1/10/2023,23.876,96.52,0.254,-8.777777778,-1.222222222,-5.5,4.3,5,4.8,6,NA,335,CO,2023,10,1,247.3684211,0.2,120,0
1/11/2023,24.13,101.6,0.508,-6,-5.611111111,-10.38888889,4.1,4.7,4.6,6.5,NA,335,CO,2023,11,1,237.5,-0.2,120,0
1/12/2023,24.892,109.22,0.254,-14.22222222,-3.722222222,-11.88888889,4.2,5.2,5.2,6,NA,335,CO,2023,12,1,227.9069767,0.1,120,0
1/13/2023,24.892,106.68,0.508,-13.27777778,3.888888889,-5.888888889,4.4,5.1,5.4,5.6,NA,335,CO,2023,13,1,233.3333333,0.2,120,0
1/14/2023,25.146,104.14,0,-2.888888889,4,-3.722222222,4.4,5.2,4.6,6.3,NA,335,CO,2023,14,1,241.4634146,0,120,0
1/15/2023,25.4,96.52,0,-9,-3.5,-8.277777778,4.2,5.3,5,5.8,NA,335,CO,2023,15,1,263.1578947,-0.2,120,0
1/16/2023,25.654,104.14,0.254,-11.27777778,-3,-10.61111111,4.4,5.1,4.8,6.8,NA,335,CO,2023,16,1,246.3414634,0.2,120,0
1/17/2023,25.654,106.68,0.254,-12.38888889,-0.277777778,-9.722222222,4.3,5.3,4.8,6.1,NA,335,CO,2023,17,1,240.4761905,-0.1,120,0
1/18/2023,26.416,111.76,1.016,-13.11111111,-12,-14.5,4.4,5.3,4.8,6.2,NA,335,CO,2023,18,1,236.3636364,0.1,120,0
1/19/2023,27.178,116.84,1.016,-18.11111111,-3.611111111,-13.88888889,4.4,4.9,5.7,6.1,NA,335,CO,2023,19,1,232.6086957,0,120,0
1/20/2023,27.94,111.76,0,-13.11111111,-11.38888889,-14.61111111,4.3,5.1,4.8,6.6,NA,335,CO,2023,20,1,250,-0.1,120,0
1/21/2023,27.94,109.22,0,-16,-13,-16.5,4.4,5.2,5.1,5.9,NA,335,CO,2023,21,1,255.8139535,0.1,120,0
1/22/2023,28.194,111.76,0.508,-17.11111111,-2.888888889,-12.38888889,4.6,5.1,4.9,5.9,NA,335,CO,2023,22,1,252.2727273,0.2,120,0
1/23/2023,28.194,106.68,0,-13.72222222,-4.5,-12.5,4.4,4.9,5.4,5.4,NA,335,CO,2023,23,1,264.2857143,-0.2,120,0
1/24/2023,28.194,109.22,0.254,-14.61111111,-11.11111111,-15.61111111,4.4,5.5,5.5,5.3,NA,335,CO,2023,24,1,258.1395349,0,120,0
1/25/2023,28.448,111.76,0.254,-19.5,-13.5,-18.72222222,4.3,5.5,5.5,5.2,NA,335,CO,2023,25,1,254.5454545,-0.1,120,0
1/26/2023,28.702,111.76,0.762,-19.77777778,-12.77777778,-17.61111111,4.3,4.9,5.2,6.6,NA,335,CO,2023,26,1,256.8181818,0,120,0
1/27/2023,29.21,114.3,1.27,-14.38888889,-4.277777778,-11.38888889,4.4,5.1,5.9,6.1,NA,335,CO,2023,27,1,255.5555556,0.1,120,0
1/28/2023,30.734,129.54,0.508,-12.38888889,-8,-12.77777778,4.2,4.7,5.8,6,NA,335,CO,2023,28,1,237.254902,-0.2,120,0
1/29/2023,31.242,129.54,0.254,-14.22222222,-6.5,-11.22222222,4.1,5,5.2,5.7,NA,335,CO,2023,29,1,241.1764706,-0.1,120,0
1/30/2023,31.496,124.46,0.254,-11.61111111,-9.888888889,-14.88888889,4,5.1,5.2,5.5,NA,335,CO,2023,30,1,253.0612245,-0.1,120,0
1/31/2023,32.258,132.08,1.016,-21.88888889,-9.888888889,-19.77777778,4.1,4.7,5.3,6.9,NA,335,CO,2023,31,1,244.2307692,0.1,120,0
2/1/2023,32.512,127,0.254,-19.77777778,-6.388888889,-14.72222222,4,4.9,4.7,6.2,NA,335,CO,2023,32,2,256,-0.1,120,0
2/2/2023,32.512,124.46,0,-12.77777778,-2,-11.72222222,4.1,5,5,5.6,NA,335,CO,2023,33,2,261.2244898,0.1,120,0
2/3/2023,32.512,121.92,0,-13.77777778,3.277777778,-8.277777778,3.9,4.9,4.6,6.4,NA,335,CO,2023,34,2,266.6666667,-0.2,120,0
2/4/2023,32.766,121.92,0,-11.72222222,-1,-7.111111111,3.9,4.8,4.4,6.5,NA,335,CO,2023,35,2,268.75,0,120,0
2/5/2023,32.766,119.38,0.254,-10,4.5,-4.388888889,4,4.3,5.5,5.6,NA,335,CO,2023,36,2,274.4680851,0.1,120,0
2/6/2023,32.766,116.84,0.254,-9.722222222,-8.277777778,-13.27777778,4.1,4.4,5.5,6.2,NA,335,CO,2023,37,2,280.4347826,0.1,120,0
2/7/2023,33.02,124.46,0,-16.5,-2.611111111,-12.72222222,4,4.3,5.8,6.4,NA,335,CO,2023,38,2,265.3061224,-0.1,120,0
2/8/2023,33.02,121.92,0.508,-17.11111111,-4.388888889,-12.72222222,3.9,4.8,4.9,5.6,NA,335,CO,2023,39,2,270.8333333,-0.1,120,0
2/9/2023,33.782,127,0.254,-19.27777778,-12.77777778,-18.22222222,4,4.1,6,6.2,NA,335,CO,2023,40,2,266,0.1,120,0
2/10/2023,33.782,127,0.254,-22.5,0.222222222,-8,4,4.2,5.7,5.8,NA,335,CO,2023,41,2,266,0,120,0
2/11/2023,34.036,127,0,-9.222222222,7.5,-2.888888889,3.7,4.5,5.3,5.9,NA,335,CO,2023,42,2,268,-0.3,120,0
2/12/2023,34.036,124.46,0,-8.611111111,1.777777778,-7.222222222,3.9,4.2,4.9,6.3,NA,335,CO,2023,43,2,273.4693878,0.2,120,0
2/13/2023,34.036,124.46,0.254,-10.72222222,3.611111111,-6,3.7,4.7,5.1,5.8,NA,335,CO,2023,44,2,273.4693878,-0.2,120,0
2/14/2023,34.29,124.46,0,-9.722222222,-5.5,-12.27777778,3.7,4.6,4.7,6.2,NA,335,CO,2023,45,2,275.5102041,0,120,0
2/15/2023,34.29,124.46,0.254,-18.61111111,-17.88888889,-20.27777778,3.6,3.6,5.1,5.8,NA,335,CO,2023,46,2,275.5102041,-0.1,120,0
2/16/2023,34.29,119.38,0,-21.77777778,-11.27777778,-19.38888889,3.7,3.8,4.6,6.2,NA,335,CO,2023,47,2,287.2340426,0.1,120,0
2/17/2023,34.544,121.92,0.254,-19.38888889,0.5,-10.11111111,3.9,3.8,4.7,5.9,NA,335,CO,2023,48,2,283.3333333,0.2,120,0
2/18/2023,34.544,119.38,0.254,-10.22222222,0.722222222,-9.277777778,3.7,3.9,5.2,6,NA,335,CO,2023,49,2,289.3617021,-0.2,120,0
2/19/2023,34.544,119.38,0.254,-9.777777778,-8.5,-11,3.8,4.1,5,6.3,NA,335,CO,2023,50,2,289.3617021,0.1,120,0
2/20/2023,34.798,121.92,0.254,-10.5,-0.722222222,-8.111111111,3.7,3.8,5,6,NA,335,CO,2023,51,2,285.4166667,-0.1,120,0
2/21/2023,35.052,121.92,0.254,-11.27777778,4,-5.222222222,3.6,4.4,5,5.7,NA,335,CO,2023,52,2,287.5,-0.1,120,0
2/22/2023,35.052,119.38,0.762,-9.111111111,-5.888888889,-12.22222222,3.5,4.1,4.6,6.3,NA,335,CO,2023,53,2,293.6170213,-0.1,120,0
2/23/2023,35.052,132.08,0.254,-19.5,-10.5,-16.27777778,3.6,4.2,5.2,5.8,NA,335,CO,2023,54,2,265.3846154,0.1,120,0
2/24/2023,35.306,129.54,0.254,-15.61111111,-9,-12.27777778,3.6,3.9,4.7,6.3,NA,335,CO,2023,55,2,272.5490196,0,120,0
2/25/2023,35.814,127,0.254,-9.222222222,2,-4,3.6,3.9,4.6,6.1,NA,335,CO,2023,56,2,282,0,120,0
2/26/2023,35.814,127,0.254,-4.388888889,1.222222222,-6.277777778,3.6,4.2,5.1,5.6,NA,335,CO,2023,57,2,282,0,120,0
2/27/2023,35.814,129.54,0,-12.11111111,-4.5,-11.5,3.6,3.6,5,5.8,NA,335,CO,2023,58,2,276.4705882,0,120,0
2/28/2023,36.068,129.54,1.016,-12.5,-9,-13.77777778,3.5,3.5,4.7,6.2,NA,335,CO,2023,59,2,278.4313725,-0.1,120,0
3/1/2023,36.576,134.62,0.254,-17.38888889,-8.222222222,-12.61111111,3.7,3.4,4.5,6.3,NA,335,CO,2023,60,3,271.6981132,0.2,120,0
3/2/2023,37.084,137.16,0.254,-14.77777778,-2.888888889,-12.5,3.6,3,4.8,6.3,NA,335,CO,2023,61,3,270.3703704,-0.1,120,0
3/3/2023,37.338,137.16,0.508,-17.11111111,-2.388888889,-11.88888889,3.6,2.9,4.6,6.5,NA,335,CO,2023,62,3,272.2222222,0,120,0
3/4/2023,37.592,142.24,0.254,-15.38888889,-3.388888889,-9.888888889,3.6,3,4.6,6.5,NA,335,CO,2023,63,3,264.2857143,0,120,0
3/5/2023,37.846,137.16,0,-9.277777778,-3.111111111,-8.611111111,3.6,3.2,4.7,5.7,NA,335,CO,2023,64,3,275.9259259,0,120,0
3/6/2023,37.846,137.16,0,-9.388888889,1.722222222,-5.722222222,3.6,3.9,5,5.7,NA,335,CO,2023,65,3,275.9259259,0,120,0
3/7/2023,37.846,134.62,0,-6,3.222222222,-5,3.5,3.4,4.8,5.8,NA,335,CO,2023,66,3,281.1320755,-0.1,120,0
3/8/2023,37.846,132.08,0.254,-8.722222222,0.722222222,-6.111111111,3.6,3.5,4.8,6.2,NA,335,CO,2023,67,3,286.5384615,0.1,120,0
3/9/2023,37.846,132.08,0.254,-10.22222222,-2.277777778,-9.111111111,3.5,3.2,4.7,6.3,NA,335,CO,2023,68,3,286.5384615,-0.1,120,0
3/10/2023,38.1,137.16,1.016,-6.222222222,1.111111111,-3.722222222,3.4,3.5,4.8,5.8,NA,335,CO,2023,69,3,277.7777778,-0.1,120,0
3/11/2023,38.862,137.16,1.27,-4.722222222,-2.722222222,-8.222222222,3.7,3.5,4.9,6.1,NA,335,CO,2023,70,3,283.3333333,0.3,120,0
3/12/2023,40.132,152.4,0.762,-10.38888889,-1.277777778,-8.722222222,3.5,3.5,4.7,5.8,NA,335,CO,2023,71,3,263.3333333,-0.2,120,0
3/13/2023,40.894,154.94,0.254,-10.22222222,1.611111111,-7.888888889,3.5,3.5,4.9,6.1,NA,335,CO,2023,72,3,263.9344262,0,120,0
3/14/2023,40.894,152.4,0.254,-9.888888889,3,-4.5,3.7,3.3,4.5,6.1,NA,335,CO,2023,73,3,268.3333333,0.2,120,0
3/15/2023,41.148,147.32,0.254,-4,5.222222222,-2.722222222,3.7,3.6,4.3,5.9,NA,335,CO,2023,74,3,279.3103448,0,120,0
3/16/2023,41.402,147.32,0.254,-8.111111111,-7.388888889,-12.61111111,3.9,3.6,4.8,6.6,NA,335,CO,2023,75,3,281.0344828,0.2,120,0
3/17/2023,41.656,152.4,0,-18.88888889,-6.611111111,-16.22222222,3.9,3.5,4.6,5.7,NA,335,CO,2023,76,3,273.3333333,0,120,0
3/18/2023,41.656,149.86,0,-20.77777778,-5.722222222,-14.88888889,3.9,3.6,4.8,6.4,NA,335,CO,2023,77,3,277.9661017,0,120,0
3/19/2023,41.656,147.32,0,-17.22222222,-1.611111111,-10.38888889,3.8,3.5,4.5,6.4,NA,335,CO,2023,78,3,282.7586207,-0.1,120,0
3/20/2023,41.656,144.78,0.762,-12.5,0,-7.611111111,4.1,3.9,4.8,6.1,NA,335,CO,2023,79,3,287.7192982,0.3,120,0
3/21/2023,42.164,147.32,1.016,-8.5,-4.5,-8.888888889,4,4,4.7,6.5,NA,335,CO,2023,80,3,286.2068966,-0.1,120,0
3/22/2023,42.926,154.94,1.524,-7.611111111,0.222222222,-6.888888889,3.8,3.6,4.7,6.6,NA,335,CO,2023,81,3,277.0491803,-0.2,120,0
3/23/2023,43.942,165.1,0.508,-11.77777778,-2.111111111,-10.11111111,4,3.5,4.4,6.5,NA,335,CO,2023,82,3,266.1538462,0.2,120,0
3/24/2023,44.45,162.56,0.254,-13.11111111,-2.611111111,-11.38888889,4,3.4,4.4,6.5,NA,335,CO,2023,83,3,273.4375,0,120,0
3/25/2023,44.704,170.18,0.508,-18.11111111,-12.11111111,-18.22222222,4.1,3.9,4.7,6.6,NA,335,CO,2023,84,3,262.6865672,0.1,120,0
3/26/2023,45.212,167.64,0,-19.72222222,-9,-16.5,4.1,3.8,4.5,6.9,NA,335,CO,2023,85,3,269.6969697,0,120,0
3/27/2023,45.212,162.56,0,-16.11111111,-10.88888889,-18.11111111,4.1,3.9,4.6,6.2,NA,335,CO,2023,86,3,278.125,0,120,0
3/28/2023,45.212,162.56,0,-23,1.111111111,-9.222222222,4.1,3.6,4.6,6.8,NA,335,CO,2023,87,3,278.125,0,120,0
3/29/2023,45.212,160.02,0,-8.888888889,7,-2.277777778,4.1,3.9,4.6,6.1,NA,335,CO,2023,88,3,282.5396825,0,120,0
3/30/2023,45.212,157.48,0.508,-2.388888889,3.722222222,-4.888888889,4,4,4.7,6.1,NA,335,CO,2023,89,3,287.0967742,-0.1,120,0
3/31/2023,45.72,162.56,1.524,-12.77777778,-8.222222222,-12.11111111,3.8,3.7,4.4,6.2,NA,335,CO,2023,90,3,281.25,-0.2,120,0
4/1/2023,47.244,175.26,0.254,-11.38888889,1.777777778,-5.222222222,4,3.9,4.4,6.1,NA,335,CO,2023,91,4,269.5652174,0.2,120,0
4/2/2023,47.244,167.64,0,-4.722222222,3.611111111,-2.111111111,4,4,4.6,5.7,NA,335,CO,2023,92,4,281.8181818,0,120,0
4/3/2023,47.244,162.56,0,-3.611111111,5.111111111,-1.222222222,4,3.6,4.8,6.2,NA,335,CO,2023,93,4,290.625,0,120,0
4/4/2023,47.244,160.02,1.27,-5.5,-4.888888889,-12.38888889,4,4.1,4.8,5.7,NA,335,CO,2023,94,4,295.2380952,0,120,0
4/5/2023,48.26,175.26,0.508,-17.77777778,-8.277777778,-16.38888889,4.2,3.7,4.5,6.6,NA,335,CO,2023,95,4,275.3623188,0.2,120,0
4/6/2023,48.768,175.26,0,-20.27777778,-0.722222222,-11.61111111,4.2,4.2,4.8,6.2,NA,335,CO,2023,96,4,278.2608696,0,120,0
4/7/2023,49.022,167.64,0.254,-8.277777778,7,-2.888888889,4.1,4.4,4.6,6.3,NA,335,CO,2023,97,4,292.4242424,-0.1,120,0
4/8/2023,49.53,165.1,0,-4.5,3.777777778,-2.611111111,4.3,4,5,5.7,NA,335,CO,2023,98,4,300,0.2,120,0
4/9/2023,49.53,162.56,0,-7.111111111,6.611111111,-2.777777778,4.2,3.9,4.6,6.3,NA,335,CO,2023,99,4,304.6875,-0.1,120,0
4/10/2023,50.038,160.02,0,-6.111111111,11.88888889,2.388888889,4.4,4.2,4.8,5.7,NA,335,CO,2023,100,4,312.6984127,0.2,120,0
4/11/2023,49.53,154.94,0,0.5,13.61111111,5.777777778,5.1,3.9,4.6,6.1,NA,335,CO,2023,101,4,319.6721311,0.7,120,1
4/12/2023,49.022,149.86,0,2.611111111,13.38888889,5.388888889,7.5,7.8,4.7,6.9,NA,335,CO,2023,102,4,327.1186441,2.4,120,0
4/13/2023,48.514,144.78,0,1.222222222,9.722222222,2,19.2,18.6,4.7,6.1,NA,335,CO,2023,103,4,335.0877193,11.7,120,0
4/14/2023,47.244,144.78,0.762,-4.5,0.277777778,-6.111111111,18.7,17.7,5.1,6.1,NA,335,CO,2023,104,4,326.3157895,-0.5,120,0
4/15/2023,47.752,157.48,0.254,-12.38888889,-4.277777778,-10.88888889,18.2,17.9,5.6,6.4,NA,335,CO,2023,105,4,303.2258065,-0.5,120,0
4/16/2023,48.006,154.94,0.254,-11.88888889,5.222222222,-3.611111111,17.8,17.8,5.9,6.9,NA,335,CO,2023,106,4,309.8360656,-0.4,120,0
4/17/2023,48.514,147.32,0,-2.611111111,9,0.722222222,17.8,17.4,7.3,6,NA,335,CO,2023,107,4,329.3103448,0,120,0
4/18/2023,48.514,144.78,0,-1.111111111,7.888888889,1.111111111,17.6,17.6,7.5,7,NA,335,CO,2023,108,4,335.0877193,-0.2,120,0
4/19/2023,47.752,142.24,0.254,-6.388888889,1.5,-8.388888889,17.6,17.1,8.2,7.2,NA,335,CO,2023,109,4,335.7142857,0,120,0
4/20/2023,47.752,149.86,0.762,-16.38888889,-9.277777778,-14.22222222,17.5,17,8.2,6.1,NA,335,CO,2023,110,4,318.6440678,-0.1,120,0
4/21/2023,48.514,154.94,1.524,-15.22222222,-7.277777778,-11.72222222,17.4,16.8,8.4,6.2,NA,335,CO,2023,111,4,313.1147541,-0.1,120,0
4/22/2023,49.53,170.18,0.508,-11.27777778,2.222222222,-9.388888889,17.4,17.1,8.6,6.5,NA,335,CO,2023,112,4,291.0447761,0,120,0
4/23/2023,50.038,172.72,0.254,-14.38888889,4,-6,17.4,16.8,9.1,7.1,NA,335,CO,2023,113,4,289.7058824,0,120,0
4/24/2023,49.276,157.48,0.762,-6.388888889,6.5,-2.888888889,17.3,16.7,9.1,6.2,NA,335,CO,2023,114,4,312.9032258,-0.1,120,0
4/25/2023,49.784,160.02,0.762,-5.611111111,5.222222222,-4.388888889,17.3,17.3,9,6.8,NA,335,CO,2023,115,4,311.1111111,0,120,0
4/26/2023,51.054,167.64,0.254,-6.222222222,6.722222222,-2,17.1,16.7,9.1,6.4,NA,335,CO,2023,116,4,304.5454545,-0.2,120,0
4/27/2023,51.562,157.48,1.27,-4.222222222,5.5,-3,17.3,16.7,9.5,7,NA,335,CO,2023,117,4,327.4193548,0.2,120,0
4/28/2023,52.578,167.64,0.254,-8.5,1.111111111,-6,17.7,16.9,9.6,7,NA,335,CO,2023,118,4,313.6363636,0.4,120,0
4/29/2023,52.578,160.02,0,-7.277777778,9.722222222,0.722222222,17.7,16.6,9.9,7.5,NA,335,CO,2023,119,4,328.5714286,0,120,0
4/30/2023,53.34,154.94,0,0,10.61111111,2.722222222,18.6,16.9,9.7,7,NA,335,CO,2023,120,4,344.2622951,0.9,120,0
5/1/2023,52.832,149.86,0,1.722222222,13.88888889,5.388888889,20.6,18.9,10,7,NA,335,CO,2023,121,5,352.5423729,2,120,0
5/2/2023,51.816,144.78,0,0.388888889,12.27777778,3.5,22.7,23.9,10.7,6.9,NA,335,CO,2023,122,5,357.8947368,2.1,120,0
5/3/2023,50.292,142.24,0,-1.5,12.72222222,4.222222222,23.4,24.9,12.6,6.3,NA,335,CO,2023,123,5,353.5714286,0.7,120,0
5/4/2023,47.752,137.16,0.254,0.388888889,7.722222222,2,23.9,25.5,14.5,7.1,NA,335,CO,2023,124,5,348.1481481,0.5,120,0
5/5/2023,47.498,137.16,0,-0.888888889,8.888888889,1.111111111,23.8,25.2,17.2,7.3,NA,335,CO,2023,125,5,346.2962963,-0.1,120,0
5/6/2023,47.244,137.16,0,-3.222222222,6.777777778,0,22.8,24.4,18.2,7.8,NA,335,CO,2023,126,5,344.4444444,-1,120,0
5/7/2023,46.482,132.08,0,-3.222222222,6.222222222,-0.222222222,21.6,23.3,18.1,7.2,NA,335,CO,2023,127,5,351.9230769,-1.2,120,0
5/8/2023,45.974,129.54,0,-1.277777778,9.888888889,2.777777778,21.4,22.4,17.9,7.7,NA,335,CO,2023,128,5,354.9019608,-0.2,120,0
5/9/2023,44.958,127,0,2.222222222,13.27777778,5,22.3,23.6,18.2,7.9,NA,335,CO,2023,129,5,354,0.9,120,0
5/10/2023,42.926,121.92,2.032,0.388888889,7.777777778,1,24.2,26.2,20.8,8.8,NA,335,CO,2023,130,5,352.0833333,1.9,120,0
5/11/2023,43.688,132.08,4.318,-2,2,-1.111111111,23.7,25.9,21.9,10.3,NA,335,CO,2023,131,5,330.7692308,-0.5,120,0
5/12/2023,47.752,157.48,1.778,-2.111111111,2.611111111,-0.777777778,22.2,24,20.6,16.6,NA,335,CO,2023,132,5,303.2258065,-1.5,120,0
5/13/2023,49.276,149.86,0.254,-2.277777778,6.388888889,-0.111111111,22.1,23.8,20.6,18,NA,335,CO,2023,133,5,328.8135593,-0.1,120,0
5/14/2023,49.022,144.78,0,-1.5,8,1.111111111,23.4,24.9,21.6,19,NA,335,CO,2023,134,5,338.5964912,1.3,120,0
5/15/2023,47.752,137.16,0,-1.111111111,12.38888889,3.611111111,24.3,26.3,22.1,20.2,NA,335,CO,2023,135,5,348.1481481,0.9,120,0
5/16/2023,46.99,129.54,0,1.111111111,12.22222222,3.5,24.5,26.7,22.4,20.8,NA,335,CO,2023,136,5,362.745098,0.2,120,0
5/17/2023,46.228,124.46,0,-1,12.38888889,5.388888889,24.4,26.9,22.6,21.5,NA,335,CO,2023,137,5,371.4285714,-0.1,120,0
5/18/2023,44.45,119.38,1.016,0.777777778,10.88888889,3,24.7,27,22.9,21.4,NA,335,CO,2023,138,5,372.3404255,0.3,120,0
5/19/2023,44.45,116.84,1.016,-0.888888889,4.611111111,0.222222222,24.6,26.9,22.9,21.8,NA,335,CO,2023,139,5,380.4347826,-0.1,120,0
5/20/2023,44.45,121.92,0,-0.888888889,13.11111111,2.277777778,24.4,26.4,22.9,21.6,NA,335,CO,2023,140,5,364.5833333,-0.2,120,0
5/21/2023,43.434,114.3,0,-1.222222222,12.61111111,4.388888889,24.8,26.8,23.3,21.7,NA,335,CO,2023,141,5,380,0.4,120,0
5/22/2023,41.402,114.3,0,0.111111111,13.72222222,4.777777778,24.8,27.1,23.4,22.5,NA,335,CO,2023,142,5,362.2222222,0,120,0
5/23/2023,38.862,106.68,0,-0.277777778,14.38888889,4.611111111,24.7,27.3,23.3,22.5,NA,335,CO,2023,143,5,364.2857143,-0.1,120,0
5/24/2023,37.846,101.6,0.508,-0.388888889,11.22222222,3.222222222,24.8,27.1,23.6,22.7,NA,335,CO,2023,144,5,372.5,0.1,120,0
5/25/2023,37.338,99.06,0,1.388888889,14.88888889,5.888888889,24.9,27.2,23.5,22.7,NA,335,CO,2023,145,5,376.9230769,0.1,120,0
5/26/2023,34.544,96.52,0,3,14.22222222,5.611111111,25,27.3,24.3,23.1,NA,335,CO,2023,146,5,357.8947368,0.1,120,0
5/27/2023,32.004,88.9,0.254,0.777777778,12.22222222,3.722222222,25.1,27.4,24.2,23.9,NA,335,CO,2023,147,5,360,0.1,120,0
5/28/2023,30.734,83.82,0,-0.722222222,12.27777778,4.722222222,24.7,27.1,24,23.6,NA,335,CO,2023,148,5,366.6666667,-0.4,120,0
5/29/2023,28.702,76.2,0,1.5,14.11111111,7.111111111,24.8,27.1,24,22.9,NA,335,CO,2023,149,5,376.6666667,0.1,120,0
5/30/2023,25.908,71.12,0,4,13.38888889,6.5,25,26.9,24.1,23.4,NA,335,CO,2023,150,5,364.2857143,0.2,120,0
5/31/2023,24.638,66.04,0.254,2.5,14.61111111,4.722222222,24.8,27.1,23.7,23.2,NA,335,CO,2023,151,5,373.0769231,-0.2,120,0
6/1/2023,23.114,60.96,0.508,1.5,10,2.611111111,24.8,26.9,24.2,23.7,NA,335,CO,2023,152,6,379.1666667,0,120,0
6/2/2023,22.098,58.42,1.016,-0.611111111,7.722222222,0.722222222,24.8,27.2,24.1,23.5,NA,335,CO,2023,153,6,378.2608696,0,120,0
6/3/2023,22.352,58.42,0.508,-0.777777778,8.611111111,1.777777778,24.4,26.3,23.3,22.8,NA,335,CO,2023,154,6,382.6086957,-0.4,120,0
6/4/2023,21.59,55.88,0.254,0.111111111,7.388888889,2.277777778,25.1,27,24,23.2,NA,335,CO,2023,155,6,386.3636364,0.7,120,0
6/5/2023,20.32,53.34,0,0.777777778,9.777777778,3.777777778,25.1,27.3,23.9,23.3,NA,335,CO,2023,156,6,380.952381,0,120,0
6/6/2023,18.542,48.26,0.254,2.111111111,14.27777778,5.722222222,25,27.3,23.9,23.5,NA,335,CO,2023,157,6,384.2105263,-0.1,120,0
6/7/2023,16.256,43.18,0.508,2.611111111,13.77777778,3.777777778,25,27.1,24.3,24,NA,335,CO,2023,158,6,376.4705882,0,120,0
6/8/2023,14.986,38.1,0.254,0.277777778,13.88888889,5,25,27.1,24.6,24,NA,335,CO,2023,159,6,393.3333333,0,120,0
6/9/2023,11.684,30.48,0.254,2.5,13.38888889,6,25.4,27.3,24.4,23.8,NA,335,CO,2023,160,6,383.3333333,0.4,120,0
6/10/2023,9.398,22.86,0,2.5,13.22222222,5,24.9,27,23.8,23.1,NA,335,CO,2023,161,6,411.1111111,-0.5,120,0
6/11/2023,7.366,17.78,0,1.222222222,12.61111111,4.222222222,24.5,26.5,23.5,23.2,NA,335,CO,2023,162,6,414.2857143,-0.4,120,0
6/12/2023,3.302,5.08,0.254,1.777777778,7,1.722222222,25.2,27,23.9,23.2,NA,335,CO,2023,163,6,650,0.7,120,0
6/13/2023,2.032,5.08,0.508,-1.277777778,3,0.611111111,24,26.2,23,22.7,NA,335,CO,2023,164,6,400,-1.2,120,0
6/14/2023,1.778,2.54,0,-0.222222222,12.22222222,3.722222222,23.8,24.7,22.9,21.8,NA,335,CO,2023,165,6,700,-0.2,120,0
6/15/2023,0.762,2.54,0.254,0.222222222,9.777777778,3.222222222,24.5,25.8,22.8,22.1,NA,335,CO,2023,166,6,300,0.7,120,0
6/16/2023,0.508,0,0.762,0.222222222,7.611111111,1.5,24.4,25.9,22.8,22.6,NA,335,CO,2023,167,6,Inf,-0.1,120,0
6/17/2023,0,0,0,-1,5.5,1,24,25.7,22.8,22.3,NA,335,CO,2023,168,6,NA,-0.4,120,0
6/18/2023,0,0,0,1.222222222,13.11111111,7.5,23.6,25.4,23.1,22.2,NA,335,CO,2023,169,6,NA,-0.4,120,0
6/19/2023,0,0,0,8.111111111,18.27777778,11.5,22.5,24.6,22.4,22.1,NA,335,CO,2023,170,6,NA,-1.1,120,0
6/20/2023,0,0,0,9.111111111,18,9.5,19.7,22.3,21.7,20.8,NA,335,CO,2023,171,6,NA,-2.8,120,0
6/21/2023,0,0,0,5.611111111,17.38888889,10.11111111,17.8,21,20,20.3,NA,335,CO,2023,172,6,NA,-1.9,120,0
6/22/2023,0,0,0,5,16.61111111,8.222222222,15.9,20.2,19,20.2,NA,335,CO,2023,173,6,NA,-1.9,120,0
6/23/2023,0,0,0,4.611111111,17.72222222,10,14.5,19.6,19.1,19.1,NA,335,CO,2023,174,6,NA,-1.4,120,0
6/24/2023,0,0,0,1.222222222,12.11111111,6.777777778,12.2,18.2,18.6,18.3,NA,335,CO,2023,175,6,NA,-2.3,120,0
6/25/2023,0,0,0,2.722222222,17.72222222,10.38888889,10.7,17.3,17.8,18.4,NA,335,CO,2023,176,6,NA,-1.5,120,0
6/26/2023,0,0,0,10.11111111,18.72222222,12.88888889,9.3,16.7,17.3,17.6,NA,335,CO,2023,177,6,NA,-1.4,120,0
6/27/2023,0,0,0,10.88888889,18.61111111,12.27777778,7.7,15.4,16,17.1,NA,335,CO,2023,178,6,NA,-1.6,120,0
6/28/2023,0,0,0,7.611111111,19.77777778,11.72222222,6.4,13.5,14.6,15.9,NA,335,CO,2023,179,6,NA,-1.3,120,0
6/29/2023,0,0,0,7.5,17.38888889,9,5.6,12.5,13.6,15.1,NA,335,CO,2023,180,6,NA,-0.8,120,0
6/30/2023,0,0,0.254,3.222222222,12.61111111,4.111111111,5.2,11.4,13.3,15.8,NA,335,CO,2023,181,6,NA,-0.4,120,0
7/1/2023,0,0,0,0.388888889,14.88888889,7,4.8,10.4,12.3,14.6,NA,335,CO,2023,182,7,NA,-0.4,120,0
7/2/2023,0,0,0,5.111111111,17.11111111,10.38888889,4.7,9.1,11.6,14.4,NA,335,CO,2023,183,7,NA,-0.1,120,0
7/3/2023,0,0,0,6,19.38888889,11.22222222,4.5,8.7,10.9,13.8,NA,335,CO,2023,184,7,NA,-0.2,120,0
7/4/2023,0,0,0.254,5.388888889,17.77777778,9.777777778,4.3,7.2,10.2,13.2,NA,335,CO,2023,185,7,NA,-0.2,120,0
7/5/2023,0,0,0,4.5,16,8.611111111,4.2,5.2,9.1,13.2,NA,335,CO,2023,186,7,NA,-0.1,120,0
7/6/2023,0,0,0,5.888888889,15.5,9,4,6,8.6,12,NA,335,CO,2023,187,7,NA,-0.2,120,0
7/7/2023,0,0,0,3.722222222,18.22222222,8.5,4.1,5.5,7.6,11.5,NA,335,CO,2023,188,7,NA,0.1,120,0
7/8/2023,0,0,0,4.111111111,18.22222222,9.5,3.9,4,6.8,11.1,NA,335,CO,2023,189,7,NA,-0.2,120,0
7/9/2023,0,0,0,4.111111111,18.27777778,11.38888889,3.7,4.1,6.4,10.1,NA,335,CO,2023,190,7,NA,-0.2,120,0
7/10/2023,0,0,0,9.5,19.11111111,13.38888889,3.3,4.3,5.6,9.8,NA,335,CO,2023,191,7,NA,-0.4,120,0
7/11/2023,0,0,0,10.11111111,20.22222222,13.88888889,3.6,3.2,6.1,8.7,NA,335,CO,2023,192,7,NA,0.3,120,0
7/12/2023,0,0,0,11.38888889,19.72222222,13.11111111,3.2,2.8,4.8,8.5,NA,335,CO,2023,193,7,NA,-0.4,120,0
7/13/2023,0,0,0,9,19.5,13.27777778,3,3.6,4.8,8,NA,335,CO,2023,194,7,NA,-0.2,120,0
7/14/2023,0,0,0,11,17.72222222,11.88888889,3.1,3.2,4.1,7.4,NA,335,CO,2023,195,7,NA,0.1,120,0
7/15/2023,0,0,0,8.222222222,19.72222222,12.11111111,2.5,2.6,4.2,6.7,NA,335,CO,2023,196,7,NA,-0.6,120,0
7/16/2023,0,0,0,8.777777778,20,13.72222222,2.7,2.5,4.1,6.9,NA,335,CO,2023,197,7,NA,0.2,120,0
7/17/2023,0,0,0,11.88888889,22.88888889,15.5,2.4,2.7,3.6,6.7,NA,335,CO,2023,198,7,NA,-0.3,120,0
7/18/2023,0,0,0,11.88888889,22.11111111,13.88888889,2.2,2,3.4,6.7,NA,335,CO,2023,199,7,NA,-0.2,120,0
7/19/2023,0,0,0,8.777777778,19.5,11.77777778,2.1,2.9,2.9,5.4,NA,335,CO,2023,200,7,NA,-0.1,120,0
7/20/2023,0,0,1.27,8.777777778,19.11111111,10.22222222,2.3,1.8,3.5,5.7,NA,335,CO,2023,201,7,NA,0.2,120,0
7/21/2023,0,0,0,4.611111111,18.22222222,9.722222222,11.1,13.6,3.5,4.6,NA,335,CO,2023,202,7,NA,8.8,120,0
7/22/2023,0,0,0,5.611111111,19.61111111,12.22222222,8.8,9.6,3.3,5.2,NA,335,CO,2023,203,7,NA,-2.3,120,0
7/23/2023,0,0,0,10,21.88888889,14.22222222,5.9,6.6,3.6,3.9,NA,335,CO,2023,204,7,NA,-2.9,120,0
7/24/2023,0,0,0,10.22222222,24.88888889,15.38888889,4.5,4.9,3.2,5.1,NA,335,CO,2023,205,7,NA,-1.4,120,0
7/25/2023,0,0,0.254,13.77777778,21.38888889,14.11111111,3.9,3.8,3.4,4.4,NA,335,CO,2023,206,7,NA,-0.6,120,0
7/26/2023,0,0,0.254,9.222222222,20.5,13.38888889,3.6,2.8,3.3,5,NA,335,CO,2023,207,7,NA,-0.3,120,0
7/27/2023,0,0,0,9.777777778,20.38888889,13.22222222,3,2.1,3.5,4.1,NA,335,CO,2023,208,7,NA,-0.6,120,0
7/28/2023,0,0,0,10.5,22.77777778,13.77777778,2.8,2.9,2.8,4.5,NA,335,CO,2023,209,7,NA,-0.2,120,0
7/29/2023,0,0,0,10.77777778,21.38888889,14.27777778,3.1,2.3,3.2,4.6,NA,335,CO,2023,210,7,NA,0.3,120,0
7/30/2023,0,0,0.508,10.72222222,21.72222222,11.61111111,2.8,2.6,2.9,4.4,NA,335,CO,2023,211,7,NA,-0.3,120,0
7/31/2023,0,0,1.016,8,20.61111111,11,2.6,2.4,3.2,4.8,NA,335,CO,2023,212,7,NA,-0.2,120,0
8/1/2023,0,0,4.318,6.5,17.61111111,8.611111111,2.6,2.1,2.7,4,NA,335,CO,2023,213,8,NA,0,120,0
8/2/2023,0,0,1.016,7.388888889,14.77777778,8.722222222,18.6,24.9,19.3,16.4,NA,335,CO,2023,214,8,NA,16,120,0
